{
  "model": "GraphTransformer",
  "config": {
    "problem_size": 10,
    "batch_size": 1024,
    "learning_rate": 0.0001,
    "epochs": 100,
    "gpu_device": "cuda:0",
    "mixed_precision": true
  },
  "results": {
    "final_train_cost": 0.4338981556892395,
    "final_val_cost": 0.4258846667362377,
    "best_val_cost": 0.4255848034954397,
    "total_time": 37424.89649605751,
    "time_per_epoch": 364.6141983282448,
    "peak_gpu_memory_gb": 0.0354456901550293,
    "device": "GPU:NVIDIA RTX A6000"
  },
  "performance": {
    "throughput": 2.8084479559354447,
    "gpu_efficiency": "0.1%"
  }
}