epoch,train_loss,train_cost_arithmetic,val_cost_arithmetic,learning_rate,temperature,time_per_epoch,baseline_type,baseline_value,mean_type
0,-0.281849658091863,0.6553483120600383,0.6464087257627398,5e-05,2.5,68.49590706825256,hybrid(rollout),0.648123025894165,arithmetic
1,-0.16351651648680368,0.6471417164802551,,6e-05,2.475528258147577,58.894564151763916,hybrid(rollout),0.6418050527572632,arithmetic
2,-0.13566030750672023,0.6472294982274374,0.6423221022123471,7.000000000000001e-05,2.4045084971874737,59.94829821586609,hybrid(rollout),0.6264585256576538,arithmetic
3,-0.16053539603948594,0.6436245886484782,,8e-05,2.2938926261462367,58.910629987716675,hybrid(rollout),0.6168944835662842,arithmetic
4,-0.27150231222311655,0.626348709265391,0.5856671464862302,9e-05,2.1545084971874737,58.89000105857849,hybrid(rollout),0.5696926116943359,arithmetic
