{
  "model": "GraphTransformer",
  "config": {
    "problem_size": 10,
    "batch_size": 1024,
    "learning_rate": 0.0001,
    "epochs": 100,
    "gpu_device": "cuda:0",
    "mixed_precision": true
  },
  "results": {
    "final_train_cost": 0.4294787752628326,
    "final_val_cost": 0.4236771694995696,
    "best_val_cost": 0.42240694897191133,
    "total_time": 32084.877398252487,
    "time_per_epoch": 239.73161417658966,
    "peak_gpu_memory_gb": 0.03559684753417969,
    "device": "GPU:NVIDIA RTX A6000"
  },
  "performance": {
    "throughput": 4.271443311793276,
    "gpu_efficiency": "0.1%"
  }
}