N,Solver,Instances_Total,Instances_Solved,Success_Rate,Mean_CPC,Std_CPC,SEM,Relative_Error_%,Mean_Time,Total_Time
5,exact_dp,10000,10000,100.0,0.49408558100293914,0.09674052246674796,0.0009674052246674796,0.39159419414901925,0.02216662621498108,221.6662621498108
5,ortools_greedy,10000,10000,100.0,0.49408558100965827,0.09674052246219557,0.0009674052246219557,0.39159419412526636,0.015519640159606933,155.19640159606934
