N,Instances,Mean_CPC,Std_CPC,SEM,Relative_Error_%,CI_Lower,CI_Upper,Total_Time,Time_Per_Instance
5,10000,0.4940794498,0.09674032606233288,0.0009674032606233287,0.3915982585452307,0.4921833394091783,0.49597556019082173,1.683271884918213,0.0001683271884918213
6,10000,0.46643159283333335,0.08918517588397402,0.0008918517588397402,0.38241481603859506,0.46468356338600747,0.46817962228065924,2.3569839000701904,0.00023569839000701904
7,10000,0.44586157085714284,0.07965376119558591,0.0007965376119558591,0.35730265356781565,0.4443003571377094,0.4474227845765763,4.892677307128906,0.0004892677307128906
8,10000,0.42567474062500005,0.06926589830677687,0.0006926589830677688,0.3254404910428874,0.42431712901818724,0.42703235223181285,12.173908710479736,0.0012173908710479736
9,10000,0.40911370533333336,0.06398894455782253,0.0006398894455782253,0.3128174085768468,0.40785952202000003,0.4103678886466667,32.01324677467346,0.0032013246774673463
10,10000,0.394668008,0.06049795904423666,0.0006049795904423666,0.3065764532109563,0.39348224800273296,0.39585376799726707,89.84481883049011,0.008984481883049011
