N,Instances,Instances_log10,Mean_CPC,Std_CPC,SEM,Relative_Error_%,CI_Lower,CI_Upper,Total_Time,Time_Per_Instance,Instances_Per_Sec
5,1000000,6.0,0.49432093047799996,0.09742973516464581,9.742973516464581e-05,0.03941962767808877,0.4941299681970773,0.49451189275892266,67.82539391517639,6.782539391517639e-05,14743.740393909356
