N,time_exact_ortools_vrp,cpc_exact_ortools_vrp,std_exact_ortools_vrp,solved_exact_ortools_vrp,optimal_exact_ortools_vrp,time_exact_milp,cpc_exact_milp,std_exact_milp,solved_exact_milp,optimal_exact_milp,time_exact_dp,cpc_exact_dp,std_exact_dp,solved_exact_dp,optimal_exact_dp,time_exact_pulp,cpc_exact_pulp,std_exact_pulp,solved_exact_pulp,optimal_exact_pulp,time_heuristic_or,cpc_heuristic_or,std_heuristic_or,solved_heuristic_or,optimal_heuristic_or
5,0.013949418067932129,0.46971031999142787,0.09035387710156983,10,10,0.10660758018493652,0.46971031999142787,0.09035387710156983,10,10,0.018363451957702635,0.46971031999142787,0.09035387710156982,10,10,0.20988526344299316,0.46971031999142787,0.09035387710156985,10,10,0.025886225700378417,0.46971031999142787,0.09035387710156981,10,10
6,0.10662798881530762,0.4366478418105786,0.14097610394428128,10,10,0.3169598340988159,0.4366478418105786,0.14097610394428128,10,10,0.2315453290939331,0.4366478418105786,0.14097610394428128,10,10,0.5046278476715088,0.4366478418105786,0.14097610394428128,10,10,0.025965118408203126,0.4366567612450508,0.14096835498734542,10,10
7,0.9513424396514892,0.43003154085928846,0.09573405592184113,10,10,1.9568809032440186,0.4300315408592884,0.0957340559218411,10,10,3.5040472745895386,0.4300315408592884,0.0957340559218411,10,10,1.671416449546814,0.4300315408592884,0.0957340559218411,10,10,0.05609564781188965,0.4300315408592884,0.0957340559218411,10,10
8,7.86760139465332,0.40296417538946827,0.06287645355370797,10,10,7.830555438995361,0.40296417538946827,0.06287645355370797,10,10,59.362005376815794,0.40296417538946827,0.06287645355370797,10,10,5.425328326225281,0.40296417538946827,0.06287645355370798,10,10,0.14534952640533447,0.40296417538946827,0.06287645355370797,10,10
