{
  "method": "OR_Tools_GLS_CPU",
  "n_customers": 100,
  "capacity": 50,
  "instances": 1000,
  "time_limit": 1.0,
  "mean_cpc": 0.18294353000000002,
  "std_cpc": 0.021608852404491546,
  "sem": 0.0006833319122059938,
  "gm": 0.1816821166088543,
  "gsd": 1.124769458350838,
  "ci_lower": 0.18036290903861482,
  "ci_upper": 0.18301097310648495,
  "total_time": 1018.8265662193298,
  "all_cpcs": [
    0.15564999999999998,
    0.16513000000000003,
    0.16521,
    0.16704999999999998,
    0.22426,
    0.17393999999999998,
    0.17469,
    0.2002,
    0.17740999999999998,
    0.17,
    0.19165,
    0.19625,
    0.2137,
    0.16591999999999998,
    0.18587,
    0.15170999999999998,
    0.18478999999999998,
    0.20292000000000002,
    0.1971,
    0.20543,
    0.1699,
    0.1698,
    0.20046,
    0.19821999999999998,
    0.17421,
    0.19448000000000001,
    0.16612,
    0.17501,
    0.20114,
    0.15628,
    0.1714,
    0.1722,
    0.17473,
    0.17226,
    0.18527000000000002,
    0.17306000000000002,
    0.17023,
    0.16725,
    0.22252,
    0.1472,
    0.14895,
    0.19727,
    0.21769,
    0.17164000000000001,
    0.16197,
    0.20093,
    0.20303000000000002,
    0.20305,
    0.1535,
    0.18184999999999998,
    0.17827,
    0.19617,
    0.1999,
    0.15564,
    0.17354,
    0.1703,
    0.16924,
    0.21419,
    0.16794,
    0.19952000000000003,
    0.16202000000000003,
    0.15505000000000002,
    0.14734999999999998,
    0.19102,
    0.18097000000000002,
    0.19523,
    0.18485,
    0.16728,
    0.18025,
    0.20138999999999999,
    0.14911,
    0.20983000000000002,
    0.17088,
    0.18821000000000002,
    0.18342,
    0.174,
    0.18718,
    0.22047,
    0.19713,
    0.18553999999999998,
    0.14731,
    0.18641,
    0.20004000000000002,
    0.18937,
    0.18503,
    0.18711,
    0.18807,
    0.17268999999999998,
    0.19195,
    0.18030000000000002,
    0.17417000000000002,
    0.18530999999999997,
    0.19609000000000001,
    0.16088999999999998,
    0.17486000000000002,
    0.20699,
    0.17361000000000001,
    0.17864000000000002,
    0.20125,
    0.19565000000000002,
    0.18549,
    0.19091000000000002,
    0.16377,
    0.14807,
    0.14778,
    0.15624000000000002,
    0.1721,
    0.16431,
    0.16725,
    0.18242999999999998,
    0.17651,
    0.17854,
    0.17951,
    0.19702999999999998,
    0.16515999999999997,
    0.15228,
    0.1617,
    0.19258,
    0.14381,
    0.18964999999999999,
    0.17549,
    0.18812,
    0.17404,
    0.19437000000000001,
    0.19088000000000002,
    0.15933999999999998,
    0.19652,
    0.15994,
    0.17337,
    0.19927,
    0.16035,
    0.17661000000000002,
    0.17465,
    0.1689,
    0.18505,
    0.15402,
    0.17218,
    0.21541,
    0.19172999999999998,
    0.17534,
    0.15694,
    0.15051,
    0.19135000000000002,
    0.17254999999999998,
    0.16343,
    0.16457999999999998,
    0.20116,
    0.16184,
    0.19553,
    0.1483,
    0.21914999999999998,
    0.18825,
    0.19161999999999998,
    0.22640999999999997,
    0.20951,
    0.20193999999999998,
    0.1796,
    0.20289000000000001,
    0.17049,
    0.15125,
    0.21338000000000001,
    0.15644,
    0.22192,
    0.15861,
    0.1866,
    0.18025,
    0.17318,
    0.18464,
    0.2077,
    0.17190000000000003,
    0.18319,
    0.21074,
    0.20346,
    0.17139,
    0.20987999999999998,
    0.17213,
    0.19629000000000002,
    0.15893000000000002,
    0.21606999999999998,
    0.17562,
    0.19252,
    0.16669,
    0.21861,
    0.19963,
    0.15658,
    0.15799,
    0.18891,
    0.15275,
    0.1838,
    0.17783000000000002,
    0.17132000000000003,
    0.15960000000000002,
    0.15810000000000002,
    0.2325,
    0.20065999999999998,
    0.17281,
    0.17334,
    0.19556,
    0.15788,
    0.18896000000000002,
    0.19888999999999998,
    0.17257999999999998,
    0.19837,
    0.19946999999999998,
    0.1996,
    0.17526,
    0.21994,
    0.17715,
    0.15923,
    0.2034,
    0.19512000000000002,
    0.20168,
    0.19276,
    0.14839,
    0.17559999999999998,
    0.16033999999999998,
    0.19926,
    0.18088,
    0.15366,
    0.17984999999999998,
    0.16787,
    0.1845,
    0.17832,
    0.20420000000000002,
    0.23055,
    0.19438,
    0.19172999999999998,
    0.21108000000000002,
    0.16485,
    0.18746,
    0.2241,
    0.17626999999999998,
    0.15248,
    0.16754000000000002,
    0.14332,
    0.17357,
    0.19896999999999998,
    0.18814,
    0.18085,
    0.20068000000000003,
    0.17872,
    0.19073,
    0.15236,
    0.22355,
    0.16872,
    0.21139,
    0.2146,
    0.23901,
    0.20584,
    0.20146,
    0.18756,
    0.19882999999999998,
    0.19491,
    0.23337,
    0.18472000000000002,
    0.19579999999999997,
    0.16920000000000002,
    0.21927,
    0.1467,
    0.15447,
    0.18652000000000002,
    0.16821000000000003,
    0.23588,
    0.16907,
    0.14259,
    0.20052,
    0.22515999999999997,
    0.20536000000000001,
    0.20699,
    0.20754999999999998,
    0.25116,
    0.20977,
    0.15717,
    0.14841,
    0.18297999999999998,
    0.19919,
    0.17827,
    0.17443,
    0.19073,
    0.18709,
    0.16169,
    0.17082999999999998,
    0.19584,
    0.15955,
    0.23675999999999997,
    0.19727,
    0.18173999999999998,
    0.18385,
    0.21023,
    0.20803000000000002,
    0.18988,
    0.21764,
    0.19631,
    0.165,
    0.15689999999999998,
    0.1913,
    0.15236,
    0.1568,
    0.19501000000000002,
    0.20373999999999998,
    0.20931999999999998,
    0.20481000000000002,
    0.23151,
    0.17591,
    0.20201,
    0.17517,
    0.1974,
    0.14891,
    0.17659,
    0.16396999999999998,
    0.17729,
    0.21881,
    0.2024,
    0.19926,
    0.15699,
    0.22445,
    0.16949000000000003,
    0.22122,
    0.16515999999999997,
    0.17588,
    0.22436,
    0.19937000000000002,
    0.17535,
    0.19845,
    0.15095,
    0.19795000000000001,
    0.17809,
    0.14826,
    0.19292,
    0.16681,
    0.15017,
    0.1533,
    0.18661999999999998,
    0.17092,
    0.22235,
    0.16948,
    0.17535,
    0.16475,
    0.17665,
    0.22425,
    0.19617,
    0.16925,
    0.17135999999999998,
    0.19683,
    0.17763,
    0.18524000000000002,
    0.15304,
    0.18114999999999998,
    0.16241,
    0.19759000000000002,
    0.18571000000000001,
    0.17565,
    0.15774,
    0.20568999999999998,
    0.17709,
    0.1745,
    0.16307,
    0.16893,
    0.14521,
    0.18033000000000002,
    0.18563,
    0.19704999999999998,
    0.19329000000000002,
    0.16986,
    0.20462,
    0.14586,
    0.20135999999999998,
    0.21486,
    0.21722999999999998,
    0.1666,
    0.17125,
    0.17343,
    0.13464,
    0.16043,
    0.19661,
    0.15583,
    0.16396,
    0.16826,
    0.15502000000000002,
    0.19344,
    0.15734,
    0.18624,
    0.15169,
    0.17892,
    0.19405,
    0.16374,
    0.16140000000000002,
    0.19016,
    0.19175,
    0.18221,
    0.18038,
    0.21792,
    0.15014,
    0.18522,
    0.14378,
    0.16937999999999998,
    0.14276999999999998,
    0.17643,
    0.14614000000000002,
    0.20167000000000002,
    0.16462,
    0.18413000000000002,
    0.17672999999999997,
    0.2014,
    0.21345,
    0.16721,
    0.14893,
    0.19472,
    0.20692,
    0.15213,
    0.14218999999999998,
    0.17428000000000002,
    0.15438000000000002,
    0.17843,
    0.20836,
    0.21483,
    0.17315000000000003,
    0.18997,
    0.20809,
    0.20987999999999998,
    0.21783000000000002,
    0.18847999999999998,
    0.17315999999999998,
    0.21292999999999998,
    0.2191,
    0.19414,
    0.16390999999999997,
    0.1623,
    0.15347,
    0.19136,
    0.16237,
    0.15607,
    0.19167,
    0.21335,
    0.21033000000000002,
    0.16801,
    0.18247,
    0.19962,
    0.15542999999999998,
    0.18805,
    0.23933,
    0.18619,
    0.19421,
    0.2102,
    0.21236,
    0.16876999999999998,
    0.15566000000000002,
    0.19393000000000002,
    0.18966000000000002,
    0.21556,
    0.20084,
    0.17713,
    0.21437,
    0.15676,
    0.15903,
    0.18183,
    0.19486,
    0.19608,
