{
  "method": "OR_Tools_GLS_CPU",
  "n_customers": 100,
  "capacity": 50,
  "instances": 100,
  "time_limit": 1.0,
  "mean_cpc": 0.18201280000000003,
  "std_cpc": 0.018157033132095123,
  "sem": 0.0018157033132095123,
  "gm": 0.18110622451692626,
  "gsd": 1.1058372923946012,
  "ci_lower": 0.17757012303965947,
  "ci_upper": 0.18471274332253346,
  "total_time": 101.84576916694641,
  "all_cpcs": [
    0.15564999999999998,
    0.16513000000000003,
    0.16521,
    0.16704999999999998,
    0.22426,
    0.17393999999999998,
    0.17469,
    0.2002,
    0.17740999999999998,
    0.17,
    0.19165,
    0.19625,
    0.2137,
    0.16591,
    0.18587,
    0.15170999999999998,
    0.18478999999999998,
    0.20292000000000002,
    0.1971,
    0.20543,
    0.1699,
    0.1698,
    0.20046,
    0.19821999999999998,
    0.17421,
    0.19448000000000001,
    0.16612,
    0.17501,
    0.20065999999999998,
    0.15628,
    0.1714,
    0.1722,
    0.17473,
    0.17226,
    0.18527000000000002,
    0.17306000000000002,
    0.17023,
    0.16725,
    0.22252,
    0.1472,
    0.14895,
    0.19727,
    0.21769,
    0.17164000000000001,
    0.16197,
    0.20093,
    0.20303000000000002,
    0.20305,
    0.1535,
    0.18184999999999998,
    0.17827,
    0.19617,
    0.1999,
    0.15564,
    0.17354,
    0.1703,
    0.16924,
    0.21458,
    0.16794,
    0.19952000000000003,
    0.16202000000000003,
    0.1543,
    0.14734999999999998,
    0.19102,
    0.18097000000000002,
    0.19523,
    0.18485,
    0.16728,
    0.18025,
    0.20138999999999999,
    0.14911,
    0.20983000000000002,
    0.17088,
    0.18821000000000002,
    0.18342,
    0.174,
    0.18718,
    0.22047,
    0.19713,
    0.18553999999999998,
    0.14731,
    0.18641,
    0.20004000000000002,
    0.18937,
    0.18503,
    0.18711,
    0.18807,
    0.17268999999999998,
    0.19195,
    0.18030000000000002,
    0.17417000000000002,
    0.18530999999999997,
    0.19609000000000001,
    0.16088999999999998,
    0.17486000000000002,
    0.20699,
    0.17361000000000001,
    0.17864000000000002,
    0.20125,
    0.19565000000000002
  ]
}