epoch,train_loss,train_cost,learning_rate,temperature,val_cost
0,-0.43636554479599,0.7260205452439892,0.001,3.0,0.6334205179190642
1,-0.5298115015029907,0.6940235263305308,0.0008536998372026805,3.0,
2,-0.4737571179866791,0.7273773553838897,0.0005005000000000001,3.0,0.6380841076804147
3,-0.22059902548789978,0.7013123580938501,0.00014730016279731955,3.0,
4,-0.11165860295295715,0.704274884926832,1e-06,3.0,0.6431609130897387
