n,cpc,std_cpc,tpi,std_tpi,is_optimal
5,0.489925,0.097804,0.017861,0.000638,1.000000
6,0.464466,0.090135,0.230273,0.011517,1.000000
7,0.449266,0.081022,3.453998,0.163599,1.000000
8,0.424085,0.070415,58.537695,2.850492,1.000000
