{
  "method": "GPU_DP_Exact",
  "n_customers": 10,
  "capacity": 20,
  "instances": 5,
  "mean_cpc": 0.4519162,
  "std_cpc": 0.07134702799528514,
  "sem": 0.031907360918007624,
  "sem_pct": 14.120919284596404,
  "mean_cost": 4.519162,
  "min_cost": 3.79274,
  "max_cost": 5.79226,
  "total_time": 25.304986476898193,
  "time_per_instance": 5.0609972953796385,
  "all_costs": [
    4.61161,
    3.79274,
    5.79226,
    4.50287,
    3.89633
  ],
  "all_cpcs": [
    0.461161,
    0.379274,
    0.579226,
    0.450287,
    0.389633
  ]
}