epoch,train_loss,train_cost,val_cost,learning_rate,temperature,baseline_type,baseline_value
0,2.1621739864349365,0.6903416928909841,0.6969257774127272,0.0003,5.0,rollout,0.6443058252334595
1,-1.6792651494344075,0.6850843093171924,,0.0002999262307746768,5.0,rollout,
2,-1.7069113969802856,0.6858844348230874,,0.00029970499590002654,5.0,rollout,0.6440300345420837
3,-1.6563669045766194,0.6848655627975818,,0.0002993365137081604,5.0,rollout,
4,-1.6388312101364135,0.6834204936671099,0.6862700541558275,0.0002988211478465144,5.0,rollout,0.6834204936671099
