{
  "model": "GraphTransformer",
  "config": {
    "problem_size": 10,
    "batch_size": 256,
    "learning_rate": 5e-05,
    "epochs": 10,
    "gpu_device": "cuda:0",
    "mixed_precision": true
  },
  "results": {
    "final_train_cost": 0.6426573236783345,
    "final_val_cost": 0.6418100683949888,
    "best_val_cost": 0.6232445635832846,
    "total_time": 189.24455976486206,
    "time_per_epoch": 14.252716584639115,
    "peak_gpu_memory_gb": 0.03230619430541992,
    "device": "GPU:NVIDIA RTX A6000"
  },
  "performance": {
    "throughput": 17.961488147172194,
    "gpu_efficiency": "0.1%"
  }
}