epoch,train_loss,train_cost_arithmetic,val_cost_arithmetic,learning_rate,temperature,time_per_epoch,baseline_type,baseline_value,mean_type
0,-0.549802417755127,0.7119620394706726,0.6981045003049076,0.0001,2.5,33.01805233955383,rollout,0.6922056674957275,arithmetic
1,-0.4434215295314789,0.7063529896736145,,9.757729755661011e-05,2.5,24.14902091026306,rollout,0.6856799125671387,arithmetic
2,-0.44728249549865723,0.7009038710594178,0.7005374820437282,9.05463412215599e-05,2.5,27.108041048049927,rollout,0.6869171261787415,arithmetic
3,-0.3580605840682983,0.6982974672317505,,7.959536998847742e-05,2.5,21.928934574127197,rollout,0.6797096729278564,arithmetic
