epoch,train_loss,train_cost_arithmetic,val_cost_arithmetic,learning_rate,temperature,time_per_epoch,baseline_type,baseline_value,mean_type
0,-0.5663513505458831,0.714497594833374,0.7006472072098404,0.0001,2.5,40.44197368621826,rollout,0.6909104585647583,arithmetic
1,-0.3393865180015564,0.7020800161361694,,9.757729755661011e-05,2.5,45.294100522994995,rollout,0.6908241510391235,arithmetic
