epoch,train_loss,train_cost_arithmetic,val_cost_arithmetic,learning_rate,temperature,time_per_epoch,baseline_type,baseline_value,mean_type
0,-0.5628476285934448,0.7178861141204834,0.7139483354985714,0.0001,2.5,49.654319763183594,rollout,0.6872735619544983,arithmetic
1,-0.4260327708721161,0.7042424011230469,,9.757729755661011e-05,2.5,46.09161329269409,rollout,0.6854562163352966,arithmetic
2,-0.4748605817556381,0.7016806530952454,0.7091935039497912,9.05463412215599e-05,2.5,48.95414924621582,rollout,0.6866865158081055,arithmetic
