epoch,train_loss,train_cost_arithmetic,val_cost_arithmetic,learning_rate,temperature,time_per_epoch,baseline_type,baseline_value,mean_type
0,-0.5587330913543701,0.7113122868537903,0.7012374997138977,0.0001,2.5,26.606298446655273,rollout,0.6983046531677246,arithmetic
1,-0.46001857936382295,0.7084397482872009,,9.757729755661011e-05,2.5,22.530165910720825,rollout,0.698038637638092,arithmetic
