{
  "n": 6,
  "capacity": 30,
  "instances": 200,
  "cpc": [
    0.4568079912807608,
    0.6191261827810687,
    0.4233498907046229,
    0.35074756841863536,
    0.46735404562715505,
    0.5600134038496514,
    0.3325667908939362,
    0.6037070718859844,
    0.37496240189793917,
    0.40178932092526504,
    0.4900408864900514,
    0.3476194631194594,
    0.28859258908022967,
    0.6896495678996547,
    0.41371646564970715,
    0.3361115780576666,
    0.6205897629080027,
    0.6725740538406928,
    0.6052714533856981,
    0.5001754094938499,
    0.4625558207374911,
    0.7248784620842529,
    0.5122689579098431,
    0.4684637478799214,
    0.4900081376117527,
    0.30333106397013304,
    0.4873133943737904,
    0.4496364038525264,
    0.43098482494666285,
    0.34661132842672765,
    0.39204608597075247,
    0.4587672753457654,
    0.3936339208441518,
    0.45848418710608224,
    0.5096056820126149,
    0.37701456677966777,
    0.44452654362605193,
    0.4026718932597082,
    0.46977430703676587,
    0.46520452074386176,
    0.6561355699828223,
    0.488311067116497,
    0.4135948221303593,
    0.5428425426581424,
    0.3457155993766583,
    0.6808544014452952,
    0.5847751589581697,
    0.4121642746865199,
    0.5053400741936234,
    0.36051699721061176,
    0.5475492163170478,
    0.5316299798824075,
    0.4145861937286828,
    0.4226995781837912,
    0.4854250968183951,
    0.23982847781124747,
    0.44533368771564796,
    0.5286397635947491,
    0.6741628403507369,
    0.421496384697438,
    0.5127800703617896,
    0.5220997005243305,
    0.31237525137257727,
    0.340229875947817,
    0.4234380951517107,
    0.5356463192920924,
    0.26683366666551483,
    0.4169227769309416,
    0.5319109672752028,
    0.5216594100733873,
    0.4702965567209965,
    0.43353229801221893,
    0.5589183477673454,
    0.5139320342656387,
    0.41543191092165044,
    0.4128996996697079,
    0.4024251316737652,
    0.3834688892559794,
    0.4177795675861282,
    0.5313790240215066,
    0.4041603407825278,
    0.5217476697900137,
    0.5026792609147956,
    0.46407351989485274,
    0.48328942022517163,
    0.3593295423508002,
    0.4462296162597686,
    0.41636421836627546,
    0.44683484055156947,
    0.4022298846377202,
    0.384136507114903,
    0.43963421245668277,
    0.4740782718004553,
    0.41741237744434995,
    0.6378320188732972,
    0.38701945553085365,
    0.4768802203493943,
    0.4429207997170916,
    0.4230908122698232,
    0.30746506875322177,
    0.43797122565864993,
    0.5210452273943389,
    0.5533622157512064,
    0.42745939698051943,
    0.5139342581183571,
    0.6635398300949735,
    0.4301917009429595,
    0.4448592563291623,
    0.709553215799255,
    0.4827272297537219,
    0.4937037693023814,
    0.5034392751108763,
    0.38032365530882184,
    0.4783535884124755,
    0.3511009712236755,
    0.39096511121734273,
    0.4162836612398643,
    0.40852941562389056,
    0.5219886728682009,
    0.42985115395546974,
    0.3205839375793628,
    0.5212670661226239,
    0.444368596335734,
    0.5559452925492029,
    0.4655704751228073,
    0.46218198100015545,
    0.4167845789889027,
    0.514424718752576,
    0.37418216047991754,
    0.4754713102115551,
    0.5974318943285936,
    0.5812560213854309,
    0.3836861105519393,
    0.4062781650722243,
    0.364503947234929,
    0.5573058660896624,
    0.41294454429313526,
    0.4578154510624414,
    0.4220324369094262,
    0.6321962073788143,
    0.5309522228145894,
    0.4295042537730524,
    0.44844154305098827,
    0.4941916568019246,
    0.5354380860268614,
    0.6082488520266368,
    0.39352832090345075,
    0.29798919852034056,
    0.4210905528144125,
    0.5035658988678907,
    0.5608601579507252,
    0.4736024970172635,
    0.31816274983529674,
    0.4566782017863454,
    0.49679372848782166,
    0.4723526921146317,
    0.49310252445557073,
    0.48982937318849396,
    0.39657772367390165,
    0.5953886133355663,
    0.4730412508508706,
    0.49813565685547473,
    0.3965515123677097,
    0.40881745078820475,
    0.48101723005745384,
    0.6230738867983108,
    0.5018777240672221,
    0.44537111944276836,
    0.5343510145871121,
    0.6014256605219436,
    0.43951486897478026,
    0.35777296171550993,
    0.4626346116968116,
    0.4139248805035036,
    0.4833560361479912,
    0.41318490541644154,
    0.46118694877914046,
    0.5409517934710553,
    0.5231011454137321,
    0.38643687982944314,
    0.4444065275305806,
    0.4544601696249906,
    0.5361942783296063,
    0.46560786880029253,
    0.5411626533592747,
    0.3929475646634801,
    0.5021416655233765,
    0.5629810683600772,
    0.47881530234517383,
    0.5416214181716126,
    0.5451824123695473,
    0.3343421651505181,
    0.4765399018942942,
    0.39090732991722216,
    0.5601556317623945,
    0.5771090913857179,
    0.4648617211191932,
    0.5504593343485168,
    0.4111426137091725,
    0.35432749868342794
  ]
}