instance_id,cost,cpc,solve_time
0,4.61161,0.461161,8.649290800094604
1,3.79274,0.379274,8.649431705474854
2,5.79226,0.579226,8.35163164138794
3,4.50287,0.450287,8.35171627998352
4,3.89633,0.389633,8.296923875808716
