{
  "model": "GraphTransformer",
  "config": {
    "problem_size": 10,
    "batch_size": 512,
    "learning_rate": 0.0001,
    "epochs": 100,
    "gpu_device": "cuda:0",
    "mixed_precision": true
  },
  "results": {
    "final_train_cost": 0.42968418399492897,
    "final_val_cost": 0.4242900459212251,
    "best_val_cost": 0.4226847618992906,
    "total_time": 23163.541125297546,
    "time_per_epoch": 227.68934201958155,
    "peak_gpu_memory_gb": 0.030069351196289062,
    "device": "GPU:NVIDIA RTX A6000"
  },
  "performance": {
    "throughput": 2.248677937485398,
    "gpu_efficiency": "0.1%"
  }
}